{
  "workflow": {
    "name": "my-workflow",
    "description": "my awesome workflow",
    "version": 1,
    "informatics-gateway": {
      "ae-title": "MYAET",
      "data-origins": [
        {
          "name": "MY_SCANNER"
        }
      ],
      "export-destinations": [
        {
          "name": "PROD_PACS"
        }
      ]
    },
    "task_templates": [
      {
        "id": "clinical_review",
        "type": "async-http",
        "args": {
          "url": "https://clinical-review.something.nhs.uk"
        }
      },
      {
        "id": "argo-template",
        "type": "argo",
        "args": {
          "server_url": "https://argoserver:2220"
        }
      },
      {
        "id": "map",
        "type": "map",
        "args": {
          "server_url": "https://mas-url"
        }
      }
    ],
    "tasks": [
      {
        "id": "input-router",
        "description": "Route Input to top level tasks",
        "type": null,
        "output": [
          {
            "name": "image_type_detector",
            "conditions": [
              "metadata.input_type == dicom"
            ]
          }
        ]
      },
      {
        "id": "image_type_detector",
        "description": "Run Image Type Detector",
        "ref": "argo",
        "args": {
          "workflow_template_name": "image_type_detector"
        },
        "output": [
          {
            "conditions": [
              "{{context.executions.image_type_detector.result.image_type}} == CT"
            ],
            "name": "ct_body_part_analyser"
          },
          {
            "conditions": [
              "{{context.executions.image_type_detector.result.image_type}} == MR"
            ],
            "name": "mri_type_detector"
          }
        ]
      },
      {
        "id": "ct_body_part_analyser",
        "description": "Detect the body part this CT refers to",
        "ref": "map",
        "args": {
          "map_id": "body_part_analyser"
        },
        "output": [
          {
            "conditions": [
              "{{context.executions.body_part_analyser.result.body_part}} == arm || {{context.executions.body_part_analyser.result.body_part}} == leg"
            ],
            "name": "fracture_detection"
          }
        ]
      },
      {
        "id": "fracture_detection",
        "description": "Detect fractures",
        "ref": "map",
        "args": {
          "map_id": "frac_detect"
        },
        "output": [
          {
            "name": "clinical_review"
          }
        ]
      },
      {
        "id": "clinical_review_fracture_detection",
        "description": "Clinical review for fracture detection",
        "ref": "clinical_review",
        "output": [
          {
            "conditions": [
              "{{context.executions.clinical_review_fracture_detection.result.approved}} == true"
            ],
            "name": "PROD_PACS"
          }
        ]
      },
      {
        "id": "mri_type_detector",
        "description": "Detect the type of MRI scan",
        "ref": "map",
        "args": {
          "map_id": "mri_classifier"
        },
        "output": [
          {
            "conditions": [
              "{{context.executions.mri_type_detector.result.mri_type}} == T1"
            ],
            "name": "mri_body_part_analyser"
          }
        ]
      },
      {
        "id": "mri_body_part_analyser",
        "description": "Detect the body part this MRI refers to",
        "ref": "map",
        "args": {
          "map_id": "mri_body_part_analyser"
        },
        "output": [
          {
            "conditions": [
              "{{context.executions.mri_body_part_analyser.result.body_part}} == brain && {{context.executions.image_type_detector.results.dicom_tags.SliceThickness}} < 5"
            ],
            "name": "stroke_pathway"
          }
        ]
      },
      {
        "id": "stroke_pathway",
        "description": "Detect stroke lesions in MRI scans",
        "ref": "map",
        "args": {
          "map_id": "stroke_mri"
        },
        "output": [
          {
            "name": "PROD_PACS"
          }
        ]
      }
    ]
  }
}
